City_ID,City,Country,Lat,Lng,Max Temp,Humidity,Cloudiness,Wind Speed,Current Description
0,Port Lincoln,AU,-34.7333,135.8667,75.92,45,4,16.6,clear sky
1,Cidreira,BR,-30.1811,-50.2056,70.9,95,11,3.85,few clouds
2,Cape Town,ZA,-33.9258,18.4232,59.92,87,0,11.01,clear sky
3,Provideniya,RU,64.3833,-173.3,32.36,80,20,2.24,few clouds
4,Urumqi,CN,43.801,87.6005,52.75,58,20,4.47,light rain
5,Longyearbyen,SJ,78.2186,15.6401,3.04,55,75,8.05,broken clouds
6,Ushuaia,AR,-54.8,-68.3,29.8,95,99,5.21,light snow
7,Lafayette,US,30.2335,-92.0668,67.95,62,0,0.0,clear sky
8,Butaritari,KI,3.0707,172.7902,81.45,80,70,15.35,broken clouds
9,Hithadhoo,MV,-0.6,73.0833,83.14,74,100,5.68,moderate rain
10,Narsaq,GL,60.9167,-46.05,41.22,86,100,3.87,light rain
11,Pevek,RU,69.7008,170.3133,35.1,79,100,16.06,overcast clouds
12,Parabel,RU,58.6978,81.4825,51.71,65,93,13.98,overcast clouds
13,Avarua,CK,-21.2078,-159.775,84.25,79,20,9.22,few clouds
14,Tiarei,PF,-17.5333,-149.3333,86.02,74,15,21.99,light rain
15,Port Elizabeth,ZA,-33.918,25.5701,58.71,61,3,6.87,clear sky
16,Sakakah,SA,29.9697,40.2064,71.76,36,0,4.54,clear sky
17,Ouadda,CF,8.0777,22.4007,70.9,91,100,2.59,overcast clouds
18,Meulaboh,ID,4.1363,96.1285,81.25,83,81,3.02,broken clouds
19,Bethel,US,41.3712,-73.414,42.49,59,1,10.0,clear sky
20,Ancud,CL,-41.8697,-73.8203,45.55,77,36,10.54,scattered clouds
21,Kodiak,US,57.79,-152.4072,45.91,76,0,6.91,clear sky
22,Arraial Do Cabo,BR,-22.9661,-42.0278,75.87,87,0,21.7,clear sky
23,Rikitea,PF,-23.1203,-134.9692,77.23,66,0,22.84,clear sky
24,Hermanus,ZA,-34.4187,19.2345,57.65,73,0,6.87,clear sky
25,Tuktoyaktuk,CA,69.4541,-133.0374,15.4,89,100,5.48,overcast clouds
26,Lewisporte,CA,49.2499,-55.0482,45.55,83,100,5.59,overcast clouds
27,Mehamn,NO,71.0357,27.8492,22.44,62,100,28.07,light snow
28,Tawang,IN,27.5833,91.8667,56.86,58,23,3.09,few clouds
29,Nikolskoye,RU,59.7035,30.7861,31.87,76,26,4.12,scattered clouds
30,Puerto Ayora,EC,-0.7393,-90.3518,71.73,92,11,5.41,few clouds
31,Bambous Virieux,MU,-20.3428,57.7575,73.22,94,20,5.75,few clouds
32,Bredasdorp,ZA,-34.5322,20.0403,54.5,89,2,1.54,clear sky
33,Salalah,OM,17.0151,54.0924,78.76,85,39,1.5,scattered clouds
34,New Norfolk,AU,-42.7826,147.0587,70.92,83,60,1.01,broken clouds
35,Yambio,SS,4.5721,28.3955,67.15,97,100,3.62,overcast clouds
36,Bullhead City,US,35.1478,-114.5683,90.82,10,0,12.66,clear sky
37,Hobart,AU,-42.8794,147.3294,71.26,82,20,6.91,few clouds
38,Goderich,CA,43.7501,-81.7165,36.91,65,77,11.95,broken clouds
39,Busselton,AU,-33.65,115.3333,61.52,65,79,13.69,broken clouds
40,Akdepe,TM,42.0551,59.3788,69.85,21,100,11.01,overcast clouds
41,Laguna,US,38.421,-121.4238,71.15,37,0,16.11,clear sky
42,Klaksvik,FO,62.2266,-6.589,43.72,71,99,4.56,overcast clouds
43,East London,ZA,-33.0153,27.9116,58.46,70,0,6.26,clear sky
44,North Bend,US,43.4065,-124.2243,53.24,81,20,8.05,few clouds
45,Yulara,AU,-25.2406,130.9889,84.04,23,100,5.75,overcast clouds
46,Flin Flon,CA,54.7682,-101.865,33.67,84,81,10.56,broken clouds
47,Mataura,NZ,-46.1927,168.8643,55.47,64,78,2.86,broken clouds
48,Carnarvon,AU,-24.8667,113.6333,71.04,62,29,15.97,scattered clouds
49,Jamestown,US,42.097,-79.2353,31.59,84,100,11.5,overcast clouds
50,Atuona,PF,-9.8,-139.0333,79.02,76,19,21.5,few clouds
51,Hue,VN,16.4667,107.6,87.91,70,20,2.3,few clouds
52,Kijang,KR,35.2442,129.2139,69.53,62,1,13.24,clear sky
53,Lengshuijiang,CN,27.6881,111.4294,76.91,83,93,2.08,overcast clouds
54,Geraldton,AU,-28.7667,114.6,70.21,68,40,4.61,scattered clouds
55,Fairbanks,US,64.8378,-147.7164,53.56,33,0,12.66,clear sky
56,Alikalia,SL,9.1667,-11.4,73.58,93,100,2.46,light rain
57,Albany,US,42.6001,-73.9662,39.16,62,17,1.99,few clouds
58,Cullman,US,34.1748,-86.8436,57.78,82,0,0.0,clear sky
59,Tokur,RU,53.1333,132.9,33.04,43,1,9.78,clear sky
60,Iralaya,HN,15.0,-83.2333,78.1,83,100,10.18,overcast clouds
61,Ciudad Del Maiz,MX,22.4,-99.6,62.24,82,20,7.87,few clouds
62,Upernavik,GL,72.7868,-56.1549,29.14,96,100,7.67,overcast clouds
63,Vaini,TO,-21.2,-175.2,80.76,57,40,10.36,scattered clouds
64,Kudat,MY,6.8837,116.8477,75.6,94,100,4.25,overcast clouds
65,Rantauprapat,ID,2.1,99.8333,83.07,80,95,1.05,light rain
66,Tasiilaq,GL,65.6145,-37.6368,32.16,85,81,6.33,broken clouds
67,Dongning,CN,44.0622,131.1207,57.69,19,100,8.59,overcast clouds
68,Dzilam Gonzalez,MX,21.2833,-88.9333,76.62,78,100,8.28,overcast clouds
69,Yellowknife,CA,62.456,-114.3525,44.04,77,25,9.26,scattered clouds
70,Turochak,RU,52.2576,87.1224,50.22,53,9,2.95,clear sky
71,Pozo Colorado,PY,-23.4923,-58.7972,89.4,33,37,11.92,scattered clouds
72,Kapaa,US,22.0752,-159.319,80.58,84,40,12.66,scattered clouds
73,Beidao,CN,34.5686,105.8933,55.81,63,17,2.55,few clouds
74,Nuuk,GL,64.1835,-51.7216,34.41,100,100,35.99,light snow
75,Bubaque,GW,11.2833,-15.8333,77.07,74,36,9.46,scattered clouds
76,Maceio,BR,-9.6658,-35.7353,76.44,88,40,2.3,scattered clouds
77,Baruun-Urt,MN,46.6806,113.2792,50.36,15,69,12.28,broken clouds
78,Lorengau,PG,-2.0226,147.2712,86.7,67,78,10.09,broken clouds
79,Maputo,MZ,-25.9653,32.5892,64.22,80,40,6.91,scattered clouds
80,Kaitangata,NZ,-46.2817,169.8464,57.79,61,67,2.57,broken clouds
81,Hovd,MN,48.0056,91.6419,39.15,47,18,2.26,few clouds
82,Luebo,CD,-5.35,21.4167,66.61,99,80,1.21,broken clouds
83,Berestechko,UA,50.3605,25.1107,46.0,87,69,7.61,broken clouds
84,Japura,ID,-0.3167,102.35,80.37,89,100,2.19,overcast clouds
85,Arti,RU,56.4234,58.5328,56.08,81,99,17.78,overcast clouds
86,Hami,CN,42.8,93.45,62.67,17,100,14.56,overcast clouds
87,Castro,BR,-24.7911,-50.0119,63.05,88,100,4.05,overcast clouds
88,Leuna,DE,51.3167,12.0167,47.82,83,80,5.26,broken clouds
89,Thompson,CA,55.7435,-97.8558,31.89,85,51,6.91,broken clouds
90,Rawson,AR,-43.3002,-65.1023,45.46,52,100,18.19,overcast clouds
91,Ponta Do Sol,PT,32.6667,-17.1,61.43,75,52,5.01,broken clouds
92,Pringsewu,ID,-5.3582,104.9744,72.45,96,100,6.73,overcast clouds
93,Muli,MV,2.9167,73.5667,83.91,74,88,7.02,overcast clouds
94,Cherskiy,RU,68.75,161.3,31.86,100,100,4.27,light snow
95,Nicoya,CR,10.1483,-85.452,79.88,76,97,7.58,overcast clouds
96,Mar Del Plata,AR,-38.0023,-57.5575,56.88,59,0,8.05,clear sky
97,Lata,PT,40.1629,-8.3327,53.08,99,26,1.16,scattered clouds
98,Gaborone,BW,-24.6545,25.9086,55.85,86,1,5.75,clear sky
99,Birjand,IR,32.8663,59.2211,54.07,71,20,0.0,few clouds
100,Umm Lajj,SA,25.0213,37.2685,77.11,76,0,5.35,clear sky
101,Bluff,NZ,-46.6,168.3333,55.8,67,96,6.53,overcast clouds
102,Yar-Sale,RU,66.8333,70.8333,15.87,80,82,6.8,broken clouds
103,Carbonia,IT,39.1672,8.5222,54.01,53,84,4.81,broken clouds
104,Havoysund,NO,70.9963,24.6622,25.03,56,100,15.86,light snow
105,Svarstad,NO,59.399,9.9698,41.0,61,26,3.38,scattered clouds
106,Saint Anthony,US,45.0205,-93.218,47.71,46,0,12.66,clear sky
107,Faanui,PF,-16.4833,-151.75,81.61,74,19,20.47,few clouds
108,Punta Arenas,CL,-53.15,-70.9167,33.91,60,20,13.8,few clouds
109,Mitsamiouli,KM,-11.3847,43.2844,80.76,77,99,11.79,overcast clouds
110,Kemijarvi,FI,66.7131,27.4306,24.8,81,91,6.58,overcast clouds
111,Tessalit,ML,20.1986,1.0114,73.71,15,0,5.68,clear sky
112,Esperance,AU,-33.8667,121.9,63.88,59,0,23.0,clear sky
113,Vardo,NO,70.3705,31.1107,23.0,79,96,16.96,light snow
114,Norman Wells,CA,65.282,-126.8329,34.2,80,100,6.69,overcast clouds
115,Soe,ID,-9.8607,124.284,79.0,58,85,3.09,overcast clouds
116,Airai,TL,-8.9266,125.4092,74.5,54,59,1.66,broken clouds
117,High Level,CA,58.5169,-117.136,43.5,93,100,4.65,overcast clouds
118,Ngunguru,NZ,-35.6167,174.5,63.81,78,97,16.08,overcast clouds
119,Grand Gaube,MU,-20.0064,57.6608,73.38,83,1,1.01,moderate rain
120,Baykit,RU,61.67,96.37,37.31,76,100,5.23,overcast clouds
121,Torbay,CA,47.6666,-52.7314,37.27,91,58,1.01,broken clouds
122,Yellandu,IN,17.6,80.3333,85.57,57,13,7.47,few clouds
123,Isangel,VU,-19.55,169.2667,78.73,76,100,15.57,overcast clouds
124,Panjab,AF,34.388,67.0233,52.41,56,100,1.36,overcast clouds
125,Shenkursk,RU,62.1091,42.896,17.19,88,15,3.33,few clouds
126,Acapulco,MX,16.8634,-99.8901,80.42,83,0,2.3,clear sky
127,Talnakh,RU,69.4865,88.3972,29.21,99,100,10.0,snow
128,Ufimskiy,RU,56.7084,58.0517,55.98,81,100,15.28,overcast clouds
129,Los Llanos De Aridane,ES,28.6585,-17.9182,60.55,83,20,11.5,few clouds
130,Ugoofaaru,MV,5.6667,73.0,84.6,69,64,3.31,broken clouds
131,Te Anau,NZ,-45.4167,167.7167,57.13,65,7,0.58,clear sky
132,Phangnga,TH,8.4509,98.5298,87.84,71,92,1.25,overcast clouds
133,Yurimaguas,PE,-5.9,-76.0833,73.51,97,100,0.87,overcast clouds
134,Georgetown,MY,5.4112,100.3354,87.73,79,20,3.44,few clouds
135,Port Alfred,ZA,-33.5906,26.891,60.24,71,0,7.05,clear sky
136,Emba,KZ,48.8264,58.1442,56.86,55,100,9.46,overcast clouds
137,Saint-Paul,RE,-21.0096,55.2707,72.73,77,4,6.22,clear sky
138,Broome,US,42.2506,-75.833,35.38,77,100,9.22,light snow
139,Amboise,FR,47.4125,0.9827,50.54,82,0,10.36,clear sky
140,Roma,US,43.2128,-75.4557,36.95,81,100,12.66,overcast clouds
141,Codrington,AU,-38.2667,141.9667,71.22,61,100,13.87,overcast clouds
142,Mahebourg,MU,-20.4081,57.7,73.26,94,20,5.75,few clouds
143,Leningradskiy,RU,69.3833,178.4167,28.58,88,100,11.12,overcast clouds
144,Ilulissat,GL,69.2167,-51.1,32.02,86,100,0.0,overcast clouds
145,Neiafu,TO,-18.65,-173.9833,81.28,69,75,17.27,broken clouds
146,Bowen,AU,-20.0167,148.2333,80.91,69,11,16.42,few clouds
147,Comodoro Rivadavia,AR,-45.8667,-67.5,42.66,49,40,12.66,scattered clouds
148,Moron,AR,-34.6534,-58.6198,58.98,78,0,1.21,clear sky
149,Sao Miguel Do Araguaia,BR,-13.275,-50.1628,72.32,68,27,2.55,scattered clouds
150,Ribeira Grande,PT,38.5167,-28.7,63.91,95,100,31.25,moderate rain
151,Cockburn Town,TC,21.4612,-71.1419,75.31,61,4,15.88,clear sky
152,Toora-Khem,RU,52.4675,96.11,44.78,44,73,6.29,broken clouds
153,Chara,RU,56.9064,118.2631,30.61,50,92,3.71,overcast clouds
154,Hilo,US,19.7297,-155.09,81.28,85,100,9.22,overcast clouds
155,Khatanga,RU,71.9667,102.5,26.06,83,100,16.69,overcast clouds
156,Fez,MA,34.0372,-4.9998,53.85,100,0,6.91,clear sky
157,Puri,IN,19.8,85.85,84.72,79,3,16.75,clear sky
158,Saskylakh,RU,71.9167,114.0833,13.75,91,54,5.95,broken clouds
159,Aykhal,RU,66.0,111.5,26.55,88,65,12.21,broken clouds
160,Praia Da Vitoria,PT,38.7333,-27.0667,63.75,100,75,24.43,broken clouds
161,Cabo San Lucas,MX,22.8909,-109.9124,85.3,38,0,12.66,clear sky
162,Port Moresby,PG,-9.4431,147.1797,84.6,69,19,5.66,few clouds
163,Sirari,TZ,-1.2333,34.4333,61.2,94,100,4.36,light rain
164,Jacareacanga,BR,-6.2222,-57.7528,74.23,92,100,2.28,overcast clouds
165,Qaanaaq,GL,77.484,-69.3632,13.84,67,70,7.67,broken clouds
166,Ashland,US,40.8167,-82.2665,34.34,78,6,5.91,clear sky
167,Imbituba,BR,-28.24,-48.6703,75.85,87,36,10.54,scattered clouds
168,Souillac,MU,-20.5167,57.5167,70.18,94,20,5.75,few clouds
169,Biltine,TD,14.5333,20.9167,84.81,44,70,10.96,broken clouds
170,Barra Do Garcas,BR,-15.89,-52.2567,71.29,64,0,1.48,clear sky
171,Nemuro,JP,43.3236,145.575,43.38,60,47,12.91,scattered clouds
172,Nanortalik,GL,60.1432,-45.2371,38.16,94,100,9.55,light rain
173,Iquique,CL,-20.2208,-70.1431,60.84,79,98,1.68,overcast clouds
174,Husavik,IS,66.0449,-17.3389,37.89,87,69,4.74,broken clouds
175,Lagoa,PT,39.05,-27.9833,62.44,94,100,32.19,light rain
176,Itacarambi,BR,-15.1022,-44.0919,70.25,74,8,2.95,clear sky
177,Maumere,ID,-8.6199,122.2111,84.06,68,78,2.66,broken clouds
178,Thanh Hoa,VN,19.8,105.7667,81.25,85,100,5.68,overcast clouds
179,Dingle,PH,10.9995,122.6711,84.38,74,100,11.32,overcast clouds
180,Dalvik,IS,65.9702,-18.5286,37.33,78,42,5.46,scattered clouds
181,Wattegama,LK,6.7989,81.4808,80.98,80,2,3.33,clear sky
182,Svetlyy,RU,54.675,20.1347,39.25,79,100,3.13,overcast clouds
183,Namatanai,PG,-3.6667,152.4333,86.29,63,65,8.48,broken clouds
184,Serenje,ZM,-13.2325,30.2352,56.91,95,100,11.72,overcast clouds
185,Andros Town,BS,24.7,-77.7667,75.16,68,74,10.45,broken clouds
186,Mehnagar,IN,25.8833,83.1167,93.06,9,0,0.92,clear sky
187,Ulaanbaatar,MN,47.9077,106.8832,42.93,22,0,8.95,clear sky
188,Dikson,RU,73.5069,80.5464,18.07,90,55,21.81,broken clouds
189,Halifax,CA,44.6453,-63.5724,44.69,98,100,9.22,fog
190,Faya,SA,18.3851,42.4509,55.51,40,0,4.63,clear sky
191,Grindavik,IS,63.8424,-22.4338,43.27,87,75,2.3,broken clouds
192,Saint-Pierre,RE,-21.3393,55.4781,72.28,60,0,6.91,clear sky
193,Bonavista,CA,48.6499,-53.1147,36.03,87,98,7.74,overcast clouds
194,Seredka,RU,58.1584,28.1858,20.95,60,18,3.96,few clouds
195,Mogok,MM,22.9167,96.5,87.89,19,3,3.06,clear sky
196,Srandakan,ID,-7.9386,110.2506,80.94,77,100,1.25,overcast clouds
197,Namibe,AO,-15.1961,12.1522,72.66,74,39,3.22,scattered clouds
198,Port-Gentil,GA,-0.7193,8.7815,79.59,79,100,5.3,overcast clouds
199,Chimoio,MZ,-19.1164,33.4833,60.37,83,93,7.4,overcast clouds
200,Tuatapere,NZ,-46.1333,167.6833,56.68,66,43,3.42,scattered clouds
201,Victoria,HK,22.2855,114.1577,87.96,82,18,11.01,few clouds
202,Mount Isa,AU,-20.7333,139.5,89.37,43,40,8.05,scattered clouds
203,Sangar,RU,63.9242,127.4739,24.64,86,100,6.58,overcast clouds
204,Muros,ES,42.7762,-9.0603,49.68,95,3,4.97,clear sky
205,Tamandare,BR,-8.7597,-35.1047,77.22,82,100,4.18,overcast clouds
206,Christchurch,NZ,-43.5333,172.6333,61.95,71,75,5.75,broken clouds
207,Saint-Philippe,RE,-21.3585,55.7679,72.21,78,0,2.44,clear sky
208,Hasaki,JP,35.7333,140.8333,61.2,55,100,17.05,overcast clouds
209,Bengkulu,ID,-3.8004,102.2655,81.1,78,91,0.96,overcast clouds
210,Keti Bandar,PK,24.1447,67.4497,81.99,79,0,11.68,clear sky
211,Woodward,US,36.4337,-99.3904,70.83,65,0,20.71,clear sky
212,Ahipara,NZ,-35.1667,173.1667,62.47,76,78,7.05,broken clouds
213,Nizhniy Kuranakh,RU,58.8353,125.4869,30.96,61,100,7.25,light snow
214,Barrow,US,71.2906,-156.7887,8.62,78,100,17.27,light snow
215,Colesberg,ZA,-30.72,25.0972,48.0,37,0,3.49,clear sky
216,Tiksi,RU,71.6872,128.8694,9.73,89,84,1.59,broken clouds
217,Saravan,AM,39.7196,45.6483,49.28,69,41,5.14,scattered clouds
218,Rio Pardo De Minas,BR,-15.6097,-42.5397,62.85,96,0,3.76,clear sky
219,Nishihara,JP,26.1842,127.7558,82.45,80,75,12.66,broken clouds
220,Lewistown,US,40.5992,-77.5714,37.15,79,100,16.11,overcast clouds
221,Alofi,NU,-19.0595,-169.9187,82.29,74,75,16.11,broken clouds
222,Vilcun,CL,-38.65,-72.2333,36.34,96,47,3.29,scattered clouds
223,Ucluelet,CA,48.9329,-125.5528,49.08,75,47,1.01,scattered clouds
224,Malayal,PH,7.208,121.942,82.2,84,100,6.44,heavy intensity rain
225,Dunedin,NZ,-45.8742,170.5036,59.81,54,51,5.99,broken clouds
226,Astorga,BR,-23.2325,-51.6656,68.97,77,100,7.81,overcast clouds
227,Tocopilla,CL,-22.092,-70.1979,65.91,74,30,7.09,scattered clouds
228,Axim,GH,4.8699,-2.2405,79.14,85,100,4.76,light rain
229,Kaeo,NZ,-35.1,173.7833,63.32,92,97,9.06,light rain
230,Aklavik,CA,68.2191,-135.0107,19.72,82,100,9.1,overcast clouds
231,Yerbogachen,RU,61.2767,108.0108,36.25,63,59,3.98,broken clouds
232,Cayenne,GF,4.9333,-52.3333,82.09,1,100,1.99,overcast clouds
233,Mugur-Aksy,RU,50.35,90.5,30.38,50,2,4.41,clear sky
234,Cap Malheureux,MU,-19.9842,57.6142,73.47,82,3,1.01,moderate rain
235,Katangli,RU,51.7102,143.2326,30.6,84,100,30.85,overcast clouds
236,Neyshabur,IR,36.2133,58.7958,66.65,42,100,2.1,overcast clouds
237,Mahon,ES,39.8885,4.2658,55.96,100,0,6.91,clear sky
238,Tilichiki,RU,60.4667,166.1,33.31,100,100,9.57,overcast clouds
239,Chokurdakh,RU,70.6333,147.9167,16.34,90,100,8.25,overcast clouds
240,Altay,CN,47.8667,88.1167,46.58,36,4,4.03,clear sky
241,Enid,US,36.3956,-97.8784,70.09,63,100,20.71,overcast clouds
242,Tezu,IN,27.9167,96.1667,82.18,43,87,1.25,overcast clouds
243,Barcelos,PT,41.5388,-8.6151,54.84,95,2,3.42,clear sky
244,Bathsheba,BB,13.2167,-59.5167,75.81,94,75,12.66,broken clouds
245,Malanje,AO,-9.5402,16.341,62.1,97,84,2.53,broken clouds
246,Petropavlovsk-Kamchatskiy,RU,53.0452,158.6483,37.99,70,75,4.47,light rain
247,Amapa,BR,1.0,-52.0,72.41,99,100,1.63,overcast clouds
248,Bandarbeyla,SO,9.4942,50.8122,80.82,80,96,3.51,overcast clouds
249,Lebu,CL,-37.6167,-73.65,49.33,75,24,0.67,few clouds
250,Ballina,AU,-28.8667,153.5667,78.01,74,75,13.8,broken clouds
251,Udachnyy,RU,66.4167,112.4,28.44,90,76,8.77,broken clouds
252,Zhigansk,RU,66.7697,123.3711,20.93,80,18,11.92,few clouds
253,Havre-Saint-Pierre,CA,50.2334,-63.5986,35.96,100,100,5.75,overcast clouds
254,Margate,GB,51.3813,1.3862,46.69,73,61,4.0,broken clouds
255,Saint-Joseph,RE,-21.3667,55.6167,71.2,76,0,1.57,clear sky
256,Idrinskoye,RU,54.3708,92.1358,48.58,55,75,3.94,broken clouds
257,Hambantota,LK,6.1241,81.1185,83.23,76,13,5.01,few clouds
258,Lyubech,UA,51.7026,30.6569,38.91,76,10,6.29,clear sky
259,Sorland,NO,67.667,12.6934,33.31,72,100,23.31,light snow
260,Beyneu,KZ,45.3167,55.2,62.38,40,58,12.57,broken clouds
261,Alyangula,AU,-13.8483,136.4192,87.67,66,40,2.3,scattered clouds
262,Zabid,YE,14.1951,43.3152,83.55,56,0,9.8,clear sky
263,Adrar,MR,20.5022,-10.0711,70.02,22,0,9.64,clear sky
264,Mirebalais,HT,18.8333,-72.1053,73.78,80,79,3.69,broken clouds
265,Gizo,SB,-8.103,156.8419,84.78,70,98,5.01,overcast clouds
266,Mayya,RU,61.7333,130.2811,36.72,72,95,8.41,overcast clouds
267,Panzos,GT,15.4,-89.6667,72.61,98,98,0.92,overcast clouds
268,San Quintin,MX,30.4833,-115.95,60.03,77,0,11.9,clear sky
269,Sao Filipe,CV,14.8961,-24.4956,71.38,70,5,8.77,clear sky
270,Chuy,UY,-33.6971,-53.4616,57.4,90,0,5.06,clear sky
271,Kinablangan,PH,7.6947,126.5503,82.9,71,97,3.22,overcast clouds
272,Warwick,US,41.7001,-71.4162,48.33,50,20,23.02,few clouds
273,Porto Belo,BR,-27.1578,-48.5531,75.15,94,13,6.53,few clouds
274,Yarada,IN,17.65,83.2667,84.52,84,20,5.75,few clouds
275,Constitucion,CL,-35.3333,-72.4167,51.06,85,47,3.15,scattered clouds
276,Umm Kaddadah,SD,13.6017,26.6876,82.29,10,15,9.44,few clouds
277,La Asuncion,VE,11.0333,-63.8628,76.51,89,85,5.39,overcast clouds
278,Chimbote,PE,-9.0853,-78.5783,66.0,88,97,7.09,overcast clouds
279,Benguela,AO,-12.5763,13.4055,75.43,81,15,3.8,few clouds
280,San Clemente,US,33.427,-117.612,64.85,80,47,10.0,scattered clouds
281,Lavrentiya,RU,65.5833,-171.0,28.51,81,6,4.12,clear sky
282,Jalingo,NG,8.8833,11.3667,76.46,78,100,3.06,overcast clouds
283,Muyezerskiy,RU,63.9333,31.65,18.79,92,47,5.03,scattered clouds
284,Sitka,US,57.0531,-135.33,48.09,61,100,11.5,overcast clouds
285,Khilok,RU,51.3674,110.4676,38.08,34,31,14.25,scattered clouds
286,Maunabo,PR,18.0072,-65.8993,76.84,78,0,10.25,clear sky
287,Beringovskiy,RU,63.05,179.3167,32.0,99,100,6.53,light snow
288,San Cristobal,VE,7.7669,-72.225,71.78,97,89,1.28,overcast clouds
289,Acarau,BR,-2.8856,-40.12,77.29,87,98,8.25,overcast clouds
290,Monrovia,LR,6.3005,-10.7969,79.72,82,41,3.62,scattered clouds
291,Katsuura,JP,35.1333,140.3,61.05,62,100,18.43,overcast clouds
292,Mongu,ZM,-15.2484,23.1274,64.09,79,8,6.62,clear sky
293,Sungaipenuh,ID,-2.0833,101.3833,72.79,81,100,2.82,overcast clouds
294,Atasu,KZ,48.6814,71.6433,57.97,40,25,4.54,scattered clouds
295,Maniitsoq,GL,65.4167,-52.9,29.01,97,100,1.74,snow
296,Koungou,YT,-12.7336,45.2042,82.11,78,75,14.97,light rain
297,Alexandria,EG,31.2156,29.9553,62.71,69,0,3.74,clear sky
298,Matagami,CA,49.7502,-77.6328,24.91,54,0,11.5,clear sky
299,Belmonte,BR,-15.8631,-38.8828,75.79,86,4,6.64,clear sky
300,Kvarkeno,RU,52.0833,59.725,54.99,57,86,12.82,overcast clouds
301,Samarai,PG,-10.6167,150.6667,83.86,73,12,4.65,few clouds
302,Chalus,IR,36.655,51.4204,60.26,94,75,2.3,light intensity shower rain
303,Hamilton,US,39.1834,-84.5333,56.25,59,100,8.05,overcast clouds
304,Elizabeth City,US,36.2946,-76.2511,56.01,77,0,8.05,clear sky
305,Keetmanshoop,NA,-26.5833,18.1333,66.85,35,11,5.14,few clouds
306,Fortuna,US,40.5982,-124.1573,52.86,75,100,5.99,overcast clouds
307,Eureka,US,40.8021,-124.1637,54.68,76,100,7.0,overcast clouds
308,Kavieng,PG,-2.5744,150.7967,86.27,63,99,11.9,overcast clouds
309,Boende,CD,-0.2167,20.8667,69.49,98,71,0.43,broken clouds
310,Paita,PE,-5.0892,-81.1144,68.79,80,48,14.16,scattered clouds
311,Richards Bay,ZA,-28.783,32.0377,61.3,85,38,5.7,scattered clouds
312,Sistranda,NO,63.7256,8.834,40.96,71,73,26.26,broken clouds
313,Pangnirtung,CA,66.1451,-65.7125,2.26,75,71,10.02,broken clouds
314,Portland,US,45.5234,-122.6762,55.62,68,75,4.61,broken clouds
315,Edmundston,CA,47.3737,-68.3251,40.33,89,100,13.8,moderate rain
316,Sidi Ali,DZ,36.0998,0.4206,54.12,87,100,1.79,overcast clouds
317,Mineiros,BR,-17.5694,-52.5511,68.04,63,0,4.23,clear sky
318,Orthez,FR,43.4884,-0.7724,58.08,98,100,2.89,overcast clouds
319,Kruisfontein,ZA,-34.0033,24.7314,56.16,45,5,7.11,clear sky
320,Suntar,RU,62.1444,117.6319,34.27,56,90,5.08,overcast clouds
321,Luderitz,NA,-26.6481,15.1594,63.05,58,0,4.94,clear sky
322,Dryden,CA,49.7833,-92.7503,39.49,26,0,4.61,clear sky
323,Masuri,KR,35.8488,128.1492,64.09,44,1,3.83,clear sky
324,Montfermeil,FR,48.9,2.5667,51.22,79,0,12.66,clear sky
325,Gornopravdinsk,RU,60.05,69.9,45.95,96,100,5.82,overcast clouds
326,Inirida,CO,3.8653,-67.9239,72.05,93,32,1.95,scattered clouds
327,Tabou,CI,4.423,-7.3528,79.88,83,95,4.56,overcast clouds
328,Yoichi,JP,43.2039,140.7703,49.37,44,18,19.3,few clouds
329,Pandan Niog,PH,6.2282,120.5631,79.27,86,100,7.34,light rain
330,Canico,PT,32.6333,-16.85,61.43,81,40,10.36,scattered clouds
331,Artyom,AZ,40.4723,50.333,55.54,82,0,7.54,clear sky
332,Medea,DZ,36.2642,2.7539,50.41,97,100,4.54,overcast clouds
333,Falakata,IN,26.5208,89.2055,81.37,58,0,10.47,clear sky
334,Mandalgovi,MN,45.7625,106.2708,47.79,20,53,8.99,broken clouds
335,Mahajanga,MG,-15.7167,46.3167,77.02,88,20,4.61,few clouds
336,Lianzhou,CN,24.7811,112.3825,82.54,71,5,6.06,clear sky
337,Makungu,TZ,-8.7333,35.2833,62.98,100,100,4.61,heavy intensity rain
338,Humaita,BR,-7.5061,-63.0208,76.08,89,100,1.01,overcast clouds
339,Tibu,CO,8.639,-72.7358,73.44,99,100,2.13,overcast clouds
340,Grong,NO,64.4654,12.3149,35.49,93,100,11.7,light rain
341,Pitea,SE,65.3172,21.4794,23.09,77,58,4.85,broken clouds
342,Sorong,ID,-0.8833,131.25,78.6,88,100,3.83,light rain
343,Vytegra,RU,61.0064,36.4481,20.52,95,92,3.31,overcast clouds
344,Kuruman,ZA,-27.4524,23.4325,57.74,40,64,9.6,broken clouds
345,Boddam,GB,57.4667,-1.7833,34.18,79,5,8.37,clear sky
346,Harlingen,US,26.1906,-97.6961,75.94,92,0,10.36,clear sky
347,Milkovo,RU,54.7167,158.6167,31.95,91,100,13.24,snow
348,Panama City,PA,8.9936,-79.5197,77.43,90,75,3.44,broken clouds
349,Nabire,ID,-3.3667,135.4833,85.71,67,100,3.04,overcast clouds
350,Simao,CN,22.7886,100.9748,83.34,24,2,3.58,clear sky
351,Atkinson,US,42.8384,-71.147,45.19,62,100,24.16,overcast clouds
352,Chusovoy,RU,58.3013,57.8131,49.5,98,100,4.38,overcast clouds
353,Paamiut,GL,61.994,-49.6678,33.96,98,100,19.86,snow
354,Igrim,RU,63.1906,64.4162,32.09,86,91,4.74,overcast clouds
355,Dwarka,IN,22.2394,68.9678,82.45,76,5,8.81,clear sky
356,Westport,US,41.1415,-73.3579,44.15,54,0,11.5,clear sky
357,Clyde River,CA,70.4692,-68.5914,-0.17,71,0,2.3,clear sky
358,Poum,NC,-20.2333,164.0167,76.48,75,100,21.07,overcast clouds
359,Brae,GB,60.3964,-1.353,43.7,67,100,6.55,overcast clouds
360,Vostok,RU,46.4856,135.8833,41.86,48,41,15.01,scattered clouds
361,Syamzha,RU,60.0158,41.0614,20.05,95,25,3.09,scattered clouds
362,Deputatskiy,RU,69.3,139.9,12.85,84,100,3.49,overcast clouds
363,Lamu,KE,-2.2717,40.902,82.62,82,96,10.11,light rain
364,Saint George,US,37.1041,-113.5841,81.63,12,0,11.5,clear sky
365,Berlevag,NO,70.8578,29.0864,19.2,70,100,27.54,light snow
366,Barmer,IN,25.75,71.3833,82.51,35,0,5.12,clear sky
367,Zyryanka,RU,65.75,150.85,23.47,81,100,12.88,overcast clouds
368,Wageningen,NL,51.9667,5.6667,44.94,90,7,6.22,clear sky
369,Ixtapa,MX,20.7,-105.2,77.23,78,0,5.75,clear sky
370,Thongwa,MM,16.7619,96.5278,86.16,56,90,2.01,overcast clouds
371,Puerto Del Rosario,ES,28.5004,-13.8627,64.15,72,20,21.85,few clouds
372,Santa Rosa,PH,14.3122,121.1114,92.1,68,100,15.43,overcast clouds
373,Hirara,JP,24.8,125.2833,82.67,78,40,16.11,scattered clouds
374,Voyinka,UA,45.8699,33.9914,50.04,75,0,8.32,clear sky
375,Mataruska Banja,RS,43.6901,20.6109,49.95,87,75,2.3,broken clouds
376,Mankono,CI,8.0586,-6.1897,75.24,83,100,5.37,overcast clouds
377,Prince Rupert,CA,54.3161,-130.3201,44.69,87,100,3.44,overcast clouds
378,Iqaluit,CA,63.7506,-68.5145,15.53,78,75,24.16,broken clouds
379,Havelock,US,34.8791,-76.9013,62.92,72,0,5.75,clear sky
380,Uvalde,US,29.3669,-99.767,77.14,42,100,8.05,overcast clouds
381,Hede,CN,33.7681,120.2517,58.77,52,98,13.8,overcast clouds
382,Kenai,US,60.5544,-151.2583,53.02,55,0,11.5,clear sky
383,Danville,US,36.586,-79.395,57.09,59,0,3.44,clear sky
384,Anadyr,RU,64.75,177.4833,32.5,86,75,20.13,broken clouds
385,Tura,IN,25.5198,90.2201,81.37,59,0,2.35,clear sky
386,Tucuma,BR,-0.1833,-50.05,75.83,91,80,4.81,broken clouds
387,Mogzon,RU,51.7435,111.9606,36.99,36,6,16.91,clear sky
388,Horsham,GB,51.064,-0.3272,46.72,85,0,4.61,clear sky
389,Beloha,MG,-25.1667,45.05,64.69,82,64,6.35,broken clouds
390,Dauphin,CA,51.1494,-100.0502,37.54,65,100,14.97,overcast clouds
391,Albanel,CA,48.8832,-72.4487,33.94,69,98,8.05,overcast clouds
392,San Policarpo,PH,12.1791,125.5072,82.38,83,96,11.95,overcast clouds
393,Reshetylivka,UA,49.565,34.0782,43.56,81,33,6.53,scattered clouds
394,Honiara,SB,-9.4333,159.95,85.69,72,95,4.88,overcast clouds
395,Boundiali,CI,9.5217,-6.4869,80.85,59,93,8.59,overcast clouds
396,San Bartolome,ES,27.9248,-15.5733,54.07,72,20,20.71,few clouds
397,Turukhansk,RU,65.8167,87.9833,33.08,98,100,13.76,overcast clouds
398,Cedartown,US,34.0537,-85.255,60.55,71,0,3.06,clear sky
399,Phek,IN,25.6667,94.5,67.8,55,0,0.54,clear sky
400,Wuxi,CN,31.5689,120.2886,67.95,62,13,7.45,few clouds
401,Tandalti,SD,13.0167,31.8667,82.78,10,6,11.86,clear sky
402,Mwinilunga,ZM,-11.7358,24.4293,60.46,83,53,7.96,broken clouds
403,Pingzhuang,CN,42.0372,119.2889,54.19,39,100,8.75,overcast clouds
404,Lithgow,AU,-33.4833,150.15,61.48,98,100,2.53,light rain
405,Chaumont,FR,48.1167,5.1333,39.36,87,4,7.52,clear sky
406,Bilibino,RU,68.0546,166.4372,32.7,94,76,2.98,broken clouds
407,Hallein,AT,47.6833,13.1,44.28,100,13,1.14,few clouds
408,Sesheke,ZM,-17.4759,24.2968,65.77,74,38,8.93,scattered clouds
409,Serebryansk,KZ,49.6925,83.2892,50.2,53,1,0.76,clear sky
410,Warmbad,NA,-28.45,18.7333,67.93,33,6,11.59,clear sky
411,Auki,SB,-8.7676,160.7034,85.33,68,38,3.87,scattered clouds
412,Ambon,ID,-3.6954,128.1814,87.94,70,40,3.44,scattered clouds
413,Arlit,NE,18.7369,7.3853,78.21,12,0,8.37,clear sky
414,Bakchar,RU,57.0186,82.0711,53.04,51,48,9.17,scattered clouds
415,Tongling,CN,30.95,117.7833,62.35,73,98,5.26,overcast clouds
416,Virginia Beach,US,36.8529,-75.978,60.01,71,0,5.75,clear sky
417,Viedma,AR,-40.8135,-62.9967,46.96,76,28,19.84,scattered clouds
418,Puerto Escondido,MX,15.85,-97.0667,83.23,65,20,0.0,few clouds
419,Khash,IR,28.2211,61.2158,69.51,36,98,2.48,overcast clouds
420,Batemans Bay,AU,-35.7167,150.1833,70.11,56,84,5.86,broken clouds
421,Roald,NO,62.5833,6.1333,42.33,70,100,9.22,overcast clouds
422,Senanga,ZM,-16.1167,23.2667,65.21,77,42,5.79,scattered clouds
423,Guerrero Negro,MX,27.9769,-114.0611,61.61,79,0,17.69,clear sky
424,Llanes,ES,43.4198,-4.7549,54.93,87,100,5.48,overcast clouds
425,Trelew,AR,-43.249,-65.3051,43.61,56,100,16.33,overcast clouds
426,Palmer,US,42.1584,-72.3287,41.67,51,75,13.8,broken clouds
427,Verkhnyaya Inta,RU,65.9811,60.3094,23.61,73,100,8.12,overcast clouds
428,Oromocto,CA,45.8351,-66.4792,44.74,100,100,11.5,light intensity drizzle
429,Aksu,CN,41.1231,80.2644,60.51,37,27,5.93,scattered clouds
430,La Macarena,CO,2.1837,-73.7849,72.84,97,100,3.33,overcast clouds
431,Kahului,US,20.8947,-156.47,82.42,64,40,19.57,scattered clouds
432,Stromness,GB,58.965,-3.296,39.16,75,62,7.85,broken clouds
433,Agadir,MA,30.4202,-9.5982,57.65,77,0,1.23,clear sky
434,Champerico,GT,14.3,-91.9167,84.88,67,45,8.16,scattered clouds
435,Tahoua,NE,14.8888,5.2692,83.23,17,100,9.31,overcast clouds
436,Kadhan,PK,24.481,68.9859,81.88,63,5,12.88,clear sky
437,Almaznyy,RU,48.0448,40.045,47.44,85,0,7.45,clear sky
438,Ambovombe,MG,-25.1667,46.0833,66.29,78,38,9.42,light rain
439,Natal,BR,-5.795,-35.2094,77.65,100,75,4.61,broken clouds
440,Netarhat,IN,23.4833,84.2667,87.66,12,0,2.62,clear sky
441,Santa Cruz,BO,-17.8,-63.1667,76.46,88,70,8.05,broken clouds
442,Banka,IN,24.8833,86.9167,87.24,53,0,5.75,clear sky
443,Yazman,PK,29.1212,71.7446,90.3,21,1,12.77,clear sky
444,Nova Ushytsya,UA,48.8372,27.2743,47.55,80,97,6.89,overcast clouds
445,Bogorodskoye,RU,56.55,37.8833,27.23,83,81,4.27,broken clouds
446,Merauke,ID,-8.4667,140.3333,85.93,66,98,8.16,overcast clouds
447,Kysyl-Syr,RU,63.8986,122.7617,29.59,72,94,8.03,overcast clouds
448,Kukes,AL,42.0769,20.4219,51.96,86,11,4.41,few clouds
449,Garissa,KE,-0.4536,39.6401,77.7,84,100,12.28,overcast clouds
450,Formosa Do Rio Preto,BR,-11.0483,-45.1931,74.55,61,84,3.42,broken clouds
451,Litein,KE,-0.5823,35.1903,55.6,98,100,2.64,overcast clouds
452,Caravelas,BR,-17.7125,-39.2481,74.14,90,7,4.54,clear sky
453,Benghazi,LY,32.1167,20.0667,69.03,44,2,14.12,clear sky
454,Saldanha,ZA,-33.0117,17.9442,50.05,72,0,11.92,clear sky
455,Vitoria,BR,-20.3194,-40.3378,75.85,90,0,2.3,clear sky
456,Archidona,ES,37.0965,-4.3887,49.41,83,21,0.43,few clouds
457,Saint-Augustin,CA,51.226,-58.6502,34.12,99,100,7.52,snow
458,Novobirilyussy,RU,56.9514,90.6661,48.18,64,99,6.55,overcast clouds
459,Churapcha,RU,62.0025,132.4325,30.56,62,8,9.1,clear sky
460,Rocha,UY,-34.4833,-54.3333,52.03,91,0,1.23,clear sky
461,Port Hardy,CA,50.6996,-127.4199,46.58,76,75,9.22,broken clouds
462,Zhoucheng,CN,35.9122,116.3117,61.0,29,100,16.62,overcast clouds
463,Port Blair,IN,11.6667,92.75,84.24,84,40,2.3,mist
464,Qaqortoq,GL,60.7167,-46.0333,39.61,90,100,4.59,moderate rain
465,Dudinka,RU,69.4058,86.1778,29.62,93,99,10.49,overcast clouds
466,Yanam,IN,16.7333,82.2167,86.2,71,29,4.81,scattered clouds
467,Kushima,JP,31.4583,131.2333,74.79,73,90,6.55,overcast clouds
468,Sur,OM,22.5667,59.5289,86.31,41,0,6.29,clear sky
469,Yumen,CN,40.2833,97.2,54.63,35,100,10.63,overcast clouds
470,Homer,US,59.6425,-151.5483,53.04,57,0,10.0,clear sky
471,San Rafael Del Sur,NI,11.8485,-86.4384,81.57,65,97,11.74,overcast clouds
472,Fatehpur,IN,25.9333,80.8,94.96,10,0,5.1,clear sky
473,Pontianak,ID,-0.0333,109.3333,85.98,70,20,5.75,few clouds
474,Padang,ID,-0.9492,100.3543,80.65,74,92,0.4,overcast clouds
475,Port Keats,AU,-14.25,129.55,90.12,54,100,1.25,overcast clouds
476,Bon Accord,CA,53.8335,-113.4187,46.0,86,71,11.88,broken clouds
477,Horodyshche,UA,49.2849,31.4451,45.77,78,100,3.6,overcast clouds
478,Manaure,CO,11.7751,-72.4445,79.83,72,99,17.76,overcast clouds
479,Sinnamary,GF,5.3833,-52.95,78.46,87,100,7.31,overcast clouds
480,Lardos,GR,36.0942,28.0157,64.94,73,0,2.8,clear sky
481,Dehui,CN,44.5333,125.7,57.83,14,78,8.39,broken clouds
482,Kilinochchi,LK,9.3961,80.3982,82.17,73,12,4.79,few clouds
483,Coihaique,CL,-45.5752,-72.0662,30.15,86,20,3.44,few clouds
484,Hoi An,VN,15.8794,108.335,85.96,82,73,6.8,broken clouds
485,Bocas Del Toro,PA,9.3333,-82.25,77.58,86,100,2.28,overcast clouds
486,Nuevitas,CU,21.5453,-77.2644,74.93,71,68,11.52,broken clouds
487,Emerald,AU,-23.5333,148.1667,82.54,51,75,9.22,broken clouds
488,Lasa,IT,46.6166,10.7002,43.68,73,0,3.13,clear sky
489,Mitu,CO,1.1983,-70.1733,71.44,98,66,1.41,light rain
490,Hit,IQ,33.6416,42.8251,72.72,41,9,4.14,clear sky
491,Iracoubo,GF,5.4802,-53.2011,78.44,88,100,7.52,overcast clouds
492,Tshikapa,CD,-6.4167,20.8,67.03,98,64,1.36,broken clouds
493,La Seyne-Sur-Mer,FR,43.0982,5.8847,53.55,77,62,3.58,broken clouds
494,Tiznit,MA,29.5833,-9.5,58.01,78,0,3.56,clear sky
495,Severo-Yeniseyskiy,RU,60.3725,93.0408,33.51,95,100,4.07,overcast clouds
496,Olafsvik,IS,64.8945,-23.7142,43.0,73,46,2.82,scattered clouds
497,Namie,JP,37.4833,141.0,63.55,37,100,3.71,overcast clouds
498,Srednekolymsk,RU,67.45,153.6833,25.16,82,100,6.04,overcast clouds
499,Port Hawkesbury,CA,45.6169,-61.3485,41.18,95,100,18.41,overcast clouds
500,Oildale,US,35.4197,-119.0195,77.02,20,0,8.05,clear sky
501,Luanda,AO,-8.8368,13.2343,76.75,89,100,7.36,overcast clouds
502,Lakes Entrance,AU,-37.8811,147.981,76.15,60,89,1.95,overcast clouds
503,Naryan-Mar,RU,67.6713,53.087,9.43,89,35,8.84,scattered clouds
504,Half Moon Bay,US,37.4636,-122.4286,60.58,75,75,33.38,mist
505,Hammerfest,NO,70.6634,23.6821,23.45,68,20,3.44,few clouds
506,Lucapa,AO,-8.4192,20.7447,64.09,98,100,3.47,overcast clouds
507,Besikduzu,TR,41.052,39.2284,51.69,84,78,5.79,broken clouds
508,Tarakan,ID,3.3,117.6333,80.1,89,40,5.75,light rain
509,Oppdal,NO,62.5943,9.6912,30.7,94,100,8.59,light snow
510,Miles City,US,46.4083,-105.8406,56.37,54,0,11.5,clear sky
511,Amahai,ID,-3.3333,128.9167,83.44,75,100,1.54,overcast clouds
512,Shiraoi,JP,42.55,141.35,57.38,35,9,13.44,clear sky
513,Topeka,US,39.0483,-95.678,71.38,38,100,16.11,overcast clouds
514,Kieta,PG,-6.2167,155.6333,86.63,63,15,5.23,few clouds
515,Damietta,EG,31.4165,31.8133,64.29,69,0,4.43,clear sky
516,Ola,RU,59.5833,151.2833,37.15,58,99,21.81,overcast clouds
517,Fairview,US,40.8126,-73.999,44.55,49,75,24.16,broken clouds
518,Sola,VU,-13.8833,167.55,80.67,77,91,12.8,light rain
519,Touros,BR,-5.1989,-35.4608,78.26,84,62,10.11,broken clouds
520,Cabedelo,BR,-6.9811,-34.8339,77.67,81,90,9.24,overcast clouds
521,Harper,LR,4.375,-7.7169,79.97,83,61,4.59,broken clouds
522,Grand Baie,MU,-20.0182,57.5802,73.45,80,1,4.34,moderate rain
523,Sabang,ID,5.8933,95.3214,84.34,75,98,9.71,overcast clouds
524,Karaton,ID,-6.3424,106.1045,73.49,94,100,5.03,overcast clouds
525,Ojinaga,MX,29.5667,-104.4167,88.75,30,0,13.8,clear sky
526,Sremska Mitrovica,RS,44.9764,19.6122,52.92,88,100,10.13,overcast clouds
527,Ust-Maya,RU,60.4167,134.5333,34.27,61,66,9.42,light snow
528,Ust-Karsk,RU,52.7011,118.8077,50.72,16,100,8.21,overcast clouds
529,Uslar,DE,51.6569,9.635,45.14,76,16,2.98,few clouds
530,Medicine Hat,CA,50.0501,-110.6683,54.21,28,75,12.66,broken clouds
531,Areka,ET,7.0667,37.7,60.91,83,99,1.79,overcast clouds
532,Sarahan,IN,31.5167,77.8,63.73,34,0,3.22,clear sky
533,Hude,DE,53.1167,8.4667,35.24,92,28,4.36,scattered clouds
534,Aksarka,RU,66.5606,67.7975,20.23,84,100,4.63,overcast clouds
535,Karakulino,RU,56.012,53.7067,54.95,89,100,14.7,overcast clouds
536,Oktyabrskiy,RU,54.4815,53.471,56.37,90,100,15.68,overcast clouds
537,Hohhot,CN,40.8106,111.6522,48.49,61,40,8.95,scattered clouds
538,Teya,RU,60.3778,92.6267,36.54,95,100,4.27,overcast clouds
539,Astoria,US,46.1879,-123.8313,50.7,72,20,5.75,few clouds
540,Nevesinje,BA,43.2586,18.1133,47.26,89,22,7.43,few clouds
541,Marsh Harbour,BS,26.5412,-77.0636,73.92,72,100,7.18,overcast clouds
542,Pochutla,MX,15.7432,-96.4661,83.82,71,41,3.44,scattered clouds
543,Lompoc,US,34.6391,-120.4579,58.57,77,0,13.8,clear sky
544,Coquimbo,CL,-29.9533,-71.3436,60.53,77,0,10.36,clear sky
545,Les Cayes,HT,18.2,-73.75,73.33,82,31,3.67,scattered clouds
546,Touho,NC,-20.7833,165.2333,76.17,70,100,22.26,overcast clouds
547,Oil City,US,41.4339,-79.7064,31.77,80,100,9.22,overcast clouds
548,College,US,64.8569,-147.8028,53.55,33,40,12.66,scattered clouds
549,Stuttgart,DE,48.7823,9.177,42.66,90,0,0.0,clear sky
550,Broken Hill,AU,-31.95,141.4333,67.71,73,80,9.22,broken clouds
551,Ewa Beach,US,21.3156,-158.0072,82.35,59,20,12.66,few clouds
552,Lovozero,RU,68.005,35.0117,19.85,84,65,11.1,broken clouds
553,Mucurici,BR,-18.0933,-40.5158,68.68,95,0,5.35,clear sky
554,San Javier,ES,37.8063,-0.8374,56.98,87,100,1.99,mist
555,Bereda,ES,43.2686,-7.5406,48.58,100,89,1.79,overcast clouds
556,Alice Springs,AU,-23.7,133.8833,87.35,25,5,14.97,clear sky
557,Hofn,IS,64.2539,-15.2082,42.33,82,100,2.3,overcast clouds
558,Formiga,BR,-20.4644,-45.4264,63.79,68,0,4.56,clear sky
559,Kamina,CD,-8.7386,24.9906,61.95,98,17,4.88,few clouds
560,San Pedro Buenavista,MX,16.0833,-93.1167,74.46,70,25,3.94,scattered clouds
561,Pangody,RU,65.85,74.4859,19.94,86,93,4.94,overcast clouds
562,Nalut,LY,30.3333,10.85,66.27,35,3,21.63,clear sky
563,Waingapu,ID,-9.6567,120.2641,82.29,66,98,4.88,overcast clouds
564,Pisco,PE,-13.7,-76.2167,66.25,82,100,2.3,overcast clouds
565,Sibolga,ID,1.7427,98.7792,81.48,85,100,1.36,overcast clouds
566,Korla,CN,41.7597,86.1469,50.9,62,100,25.14,overcast clouds
567,Chernyshevskiy,RU,63.0128,112.4714,30.7,73,98,4.47,overcast clouds
568,Vanavara,RU,60.34,102.2797,38.08,67,100,5.57,overcast clouds
569,Sezana,SI,45.7092,13.8733,49.03,62,3,5.61,clear sky
570,Mochudi,BW,-24.4167,26.15,54.19,86,0,5.46,clear sky
571,Eydhafushi,MV,5.1033,73.0708,84.54,69,36,4.83,scattered clouds
572,Matay,EG,28.419,30.7792,66.83,30,0,9.42,clear sky
573,San Patricio,US,28.017,-97.5169,75.83,81,38,10.13,scattered clouds
574,Ossora,RU,59.2353,163.0719,32.9,100,100,11.81,light snow
575,Motygino,RU,58.1831,94.7592,38.86,84,100,4.9,overcast clouds
576,Trincomalee,LK,8.5711,81.2335,82.0,76,9,5.66,clear sky
577,Mahibadhoo,MV,3.7833,72.9667,84.29,71,2,5.23,clear sky
578,Nelson Bay,AU,-32.7167,152.15,77.05,79,90,9.26,overcast clouds
579,Zhaotong,CN,27.3167,103.7167,54.36,92,96,9.08,overcast clouds
580,Juneau,US,58.3019,-134.4197,45.21,92,100,5.75,light snow
581,Diego De Almagro,CL,-26.3667,-70.05,59.4,44,0,2.28,clear sky
582,Zabol,AF,32.25,67.25,68.38,20,100,4.12,overcast clouds
583,Marondera,ZW,-18.1853,31.5519,51.66,90,98,11.39,overcast clouds
584,Severo-Kurilsk,RU,50.6789,156.125,33.6,84,74,23.62,broken clouds
585,Pangkalanbuun,ID,-2.6833,111.6167,88.88,61,17,1.01,few clouds
586,Kalabo,ZM,-14.97,22.6814,62.56,83,8,6.02,clear sky
587,Nome,US,64.5011,-165.4064,37.17,80,40,5.75,scattered clouds
588,Blagoyevo,RU,63.3667,47.9167,17.53,91,18,5.59,few clouds
589,Martapura,ID,-3.4167,114.85,87.89,66,20,2.3,few clouds
590,Aiquile,BO,-18.2041,-65.1807,57.11,81,18,4.36,few clouds
591,At-Bashi,KG,41.1702,75.8106,41.31,76,80,1.45,broken clouds
592,Whitecourt,CA,54.1502,-115.6855,42.04,70,75,11.5,broken clouds
593,Ketchikan,US,55.3422,-131.6461,46.87,71,75,11.5,broken clouds
594,Gorontalo,ID,0.5412,123.0595,79.18,88,100,1.77,overcast clouds
595,Mumbwa,ZM,-14.9783,27.0619,58.55,94,2,6.71,clear sky
596,Necochea,AR,-38.5473,-58.7368,54.63,51,10,16.96,clear sky
597,Jhunjhunun,IN,28.1307,75.4014,87.31,15,0,9.78,clear sky
598,Sirjan,IR,29.452,55.6814,59.95,35,5,6.31,clear sky
599,Tommot,RU,58.9564,126.2925,31.3,60,100,7.9,overcast clouds
600,Santa Barbara,US,34.7333,-120.0343,57.6,73,0,16.11,clear sky
601,Isabela,PH,6.7085,121.9711,82.45,87,100,2.75,overcast clouds
602,Itoman,JP,26.1247,127.6694,83.17,81,40,12.66,scattered clouds
603,Galesong,ID,-5.3166,119.3661,87.82,68,20,2.68,few clouds
604,Ufa,RU,54.775,56.0375,56.57,69,100,14.07,light rain
605,Avera,US,33.194,-82.5271,58.51,41,0,6.33,clear sky
606,Sydney,AU,-33.8679,151.2073,73.31,84,75,5.99,light rain
607,Aurillac,FR,44.9167,2.45,50.88,76,0,6.91,clear sky
608,Bandipur,NP,27.9333,84.4167,77.67,28,0,1.07,clear sky
609,Pingliang,CN,35.5392,106.6861,52.21,53,8,3.85,clear sky
610,Kampong Thum,KH,12.7111,104.8887,91.42,57,97,10.56,overcast clouds
611,Alakurtti,RU,66.9672,30.3491,22.82,86,82,9.1,broken clouds
612,Lufilufi,WS,-13.8745,-171.5986,85.78,74,28,17.54,light rain
613,Bardiyah,LY,31.7561,25.0865,63.72,64,18,4.94,few clouds
614,Velizh,RU,55.6056,31.1967,32.4,77,95,4.0,light snow
615,Ardakan,IR,32.31,54.0175,67.33,37,58,9.73,broken clouds
616,Constantine,DZ,36.365,6.6147,56.61,88,75,8.05,broken clouds
617,La Union,PE,-5.4,-80.75,71.69,69,100,15.68,overcast clouds
618,Chippewa Falls,US,44.9369,-91.3929,43.57,42,0,9.22,clear sky
619,Fort Nelson,CA,58.8053,-122.7002,33.39,93,100,11.5,overcast clouds
620,Ascension,US,30.2169,-90.9001,68.02,73,0,0.0,clear sky
621,Morondava,MG,-20.2833,44.2833,72.97,68,0,13.94,clear sky
622,Bolobo,CD,-2.1667,16.2333,71.49,88,99,1.28,overcast clouds
623,Tucuman,AR,-26.8241,-65.2226,57.2,88,75,3.44,broken clouds
624,Kajaani,FI,64.2273,27.7285,24.85,63,0,8.05,clear sky
625,Lady Frere,ZA,-31.7031,27.2329,47.23,43,0,9.06,clear sky
626,Mabaruma,GY,8.2,-59.7833,73.99,99,100,3.02,overcast clouds
627,Kirkwood,US,38.5834,-90.4068,67.59,38,100,13.8,overcast clouds
628,Podlesnoye,RU,51.8161,47.009,49.87,84,0,10.04,clear sky
629,Zafarabad,IN,25.7,82.7333,86.02,9,0,2.8,clear sky
630,Esterhazy,CA,50.65,-102.0843,34.65,89,97,10.65,overcast clouds
631,Yenagoa,NG,4.9247,6.2642,72.54,97,100,2.75,overcast clouds
632,Pakxan,LA,18.3778,103.6601,95.02,48,14,1.83,few clouds
633,Samfya,ZM,-11.3649,29.5565,63.28,86,100,11.36,overcast clouds
634,Mundo Nuevo,MX,18.7,-95.5,77.97,75,5,12.17,clear sky
635,Komsomolskiy,UZ,40.4272,71.7189,61.52,67,62,2.3,broken clouds
636,Riyadh,SA,24.6877,46.7219,73.54,48,72,23.17,broken clouds
637,Abu Samrah,SY,35.3029,37.1841,64.85,43,88,2.06,overcast clouds
638,Llangefni,GB,53.2556,-4.3106,44.11,81,64,4.61,broken clouds
639,Sonqor,IR,34.7837,47.6004,46.09,86,0,0.89,clear sky
640,San Carlos,VE,9.6612,-68.5827,75.31,88,100,2.86,overcast clouds
641,Kamenka,RU,51.3223,42.7678,43.25,85,2,7.76,clear sky
642,Morehead,US,37.2711,-87.1764,55.78,71,0,0.0,clear sky
643,Hualmay,PE,-11.0964,-77.6139,66.36,89,100,7.29,overcast clouds
644,Troitskaya,RU,43.3056,44.9789,52.84,81,9,7.0,clear sky
645,Mount Gambier,AU,-37.8333,140.7667,71.51,60,58,16.11,broken clouds
646,Samana,DO,19.2056,-69.3369,70.95,71,13,7.11,few clouds
647,Calama,CL,-22.4667,-68.9333,45.09,15,0,23.02,clear sky
648,Dutse,NG,11.7594,9.3392,83.48,34,100,10.89,overcast clouds
649,Rincon,US,32.296,-81.2354,64.36,68,0,4.61,clear sky
650,Nioro,GM,13.35,-15.75,77.63,44,17,6.02,few clouds
651,Longonjo,AO,-12.9067,15.2533,61.5,77,13,3.65,few clouds
652,Jaisalmer,IN,26.9147,70.9181,85.69,24,68,13.78,broken clouds
653,Hurghada,EG,27.2574,33.8129,75.24,35,0,6.91,clear sky
654,Noyabrsk,RU,63.1994,75.4507,34.39,100,100,8.43,snow
655,Bilma,NE,18.6853,12.9164,85.66,11,0,8.21,clear sky
656,Otautau,NZ,-46.15,168.0,55.44,61,36,2.51,scattered clouds
657,Shelburne,CA,44.0787,-80.2041,29.91,75,100,9.86,overcast clouds
658,Barnala,IN,30.3833,75.55,90.97,13,0,1.72,clear sky
659,Northam,GB,51.0333,-4.2167,44.62,75,100,11.88,overcast clouds
660,Aljezur,PT,37.3191,-8.8033,53.53,89,6,10.18,clear sky
661,Ostrovnoy,RU,68.0531,39.5131,23.18,82,100,25.77,overcast clouds
662,Solnechnyy,RU,50.7214,136.6319,35.42,82,48,12.8,scattered clouds
663,Shirokiy,RU,49.758,129.523,47.64,29,1,16.06,clear sky
664,De Aar,ZA,-30.6497,24.0123,50.5,35,0,3.62,clear sky
665,Lima,PE,-12.0432,-77.0282,67.89,77,100,12.66,overcast clouds
666,Honningsvag,NO,70.9821,25.9704,24.55,58,40,18.41,light snow
667,Vilya,RU,55.2456,42.2089,33.08,89,80,8.23,broken clouds
668,Pemangkat,ID,1.1667,108.9667,84.33,72,100,1.34,overcast clouds
669,Kavaratti,IN,10.5669,72.642,84.76,75,80,4.32,broken clouds
670,Khani,GE,41.9563,42.9566,38.77,77,96,2.1,overcast clouds
671,Urucui,BR,-7.2294,-44.5561,74.82,68,97,2.82,overcast clouds
672,Nizwa,OM,22.9333,57.5333,82.72,41,0,1.79,clear sky
673,Boa Vista,BR,2.8197,-60.6733,75.18,83,20,2.3,few clouds
674,Mangan,IN,27.5167,88.5333,78.69,56,0,4.68,clear sky
675,Kantemirovka,RU,49.7089,39.8592,45.93,81,25,5.28,scattered clouds
676,Mancio Lima,BR,-7.6142,-72.8958,73.33,97,81,2.06,broken clouds
677,Olinda,BR,-8.0089,-34.8553,82.13,69,40,6.91,scattered clouds
678,Coahuayana,MX,18.7333,-103.6833,74.12,75,0,1.36,clear sky
679,Izyum,UA,49.2088,37.2485,46.29,87,38,4.21,scattered clouds
680,Clarksburg,US,39.2807,-80.3445,45.05,45,0,9.22,clear sky
681,Lithakia,GR,37.7167,20.8333,49.37,70,8,5.53,clear sky
682,Oranjemund,NA,-28.55,16.4333,57.45,79,0,3.51,clear sky
683,Kundiawa,PG,-6.0167,144.9667,74.08,78,99,3.47,overcast clouds
684,Bandrele,YT,-12.9067,45.1914,82.15,78,75,14.97,light rain
685,Karratha,AU,-20.7377,116.8463,79.95,45,100,2.93,overcast clouds
686,Armeria,MX,18.9333,-103.9667,74.32,75,1,1.68,clear sky
687,Kishi,NG,9.0833,3.85,76.05,81,99,10.31,overcast clouds
688,Guigue,VE,10.0853,-67.7792,73.24,92,100,3.58,overcast clouds
689,Vagur,FO,61.4732,-6.8119,45.23,73,100,8.52,overcast clouds
690,Gulabpura,IN,25.9,74.6667,93.79,14,0,10.78,clear sky
691,Shchors,UA,51.8186,31.945,39.27,85,7,4.79,clear sky
692,Kurchum,KZ,48.5722,83.6542,57.06,38,6,9.04,clear sky
693,Mackay,AU,-21.15,149.2,80.69,73,100,18.41,overcast clouds
694,Caetes,BR,-8.7731,-36.6225,65.52,95,100,5.32,overcast clouds
695,Fuerte Olimpo,PY,-21.0415,-57.8738,86.22,34,49,9.28,scattered clouds
696,Yakeshi,CN,49.2833,120.7333,47.57,16,14,7.99,few clouds
